#,Δ1w,"Team Name 
* in the money",Score,Entries,Last Submission UTC (Best − Last Submission)
1,↑3,"ZFTurbo & anokas * 
   
   - ZFTurbo
   - anokas",0.47363,78,"Thu, 29 Sep 2016 18:49:03 (-12.2h)"
2,↑1,"Ensembling Ensembles Level 3 * 
   
   - DataGeek
   - Michael Jahrer
   - Gilberto Titericz Junior",0.47119,59,"Thu, 29 Sep 2016 18:51:14"
3,↑89,Silogram *,0.46619,13,"Thu, 29 Sep 2016 20:14:21"
4,↑97,BaCuDan,0.45023,31,"Thu, 29 Sep 2016 3:11:53"
5,new,"ash&beluga 
   
   - beluga
   - ash hafez",0.44852,1,"Thu, 29 Sep 2016 19:19:22"
6,↑20,raddar,0.44538,19,"Thu, 29 Sep 2016 18:48:11"
7,↑1,joconnor,0.4341,35,"Thu, 29 Sep 2016 16:55:15"
8,↑1,David Thaler,0.43234,13,"Thu, 29 Sep 2016 3:33:14"
9,↑61,(IEEE BigData 2016 Applicant),0.42114,32,"Thu, 29 Sep 2016 22:46:16"
10,↑86,clustifier,0.41618,36,"Thu, 29 Sep 2016 12:49:02 (-9.4h)"
11,↓10,MA,0.39809,16,"Sun, 25 Sep 2016 9:16:07"
12,↓10,nhlx5haze,0.35212,19,"Fri, 23 Sep 2016 11:47:50 (-0h)"
13,↑70,"Malte Nalenz 
   
   - Malte Nalenz
   - Mrugank Akarte
   - NirmalyaKumarMohanty",0.3391,19,"Thu, 29 Sep 2016 14:15:30 (-0.6h)"
14,↑346,Medrr,0.32695,15,"Thu, 29 Sep 2016 21:17:36"
15,↓10,Vicens Gaitan,0.31663,37,"Thu, 29 Sep 2016 10:09:51 (-6.8d)"
16,↓10,NxGTR,0.30789,49,"Fri, 30 Sep 2016 00:11:17 (-5.9d)"
17,↓10,toshi_k,0.30107,15,"Sat, 24 Sep 2016 2:19:01"
18,—,Menno,0.29848,5,"Wed, 28 Sep 2016 22:34:24"
19,↑16,hskksk,0.29698,38,"Fri, 30 Sep 2016 01:10:16 (-11h)"
20,↓10,"GRTeam 
   
   - RaphaelCampos
   - Gustavo Penha",0.28711,53,"Tue, 27 Sep 2016 12:13:33 (-2.6d)"
21,↓10,Dmitry Larko @ h2o.ai,0.28482,24,"Thu, 29 Sep 2016 18:36:15 (-12.3h)"
22,new,Darragh,0.28456,1,"Thu, 29 Sep 2016 15:43:14"
23,new,Mickey,0.28117,17,"Thu, 29 Sep 2016 10:08:09"
24,↓11,YuyaYamamoto,0.28088,63,"Thu, 29 Sep 2016 15:21:29 (-4.4d)"
25,↓13,Badger Go,0.27942,25,"Fri, 16 Sep 2016 07:51:38 (-0.3h)"
26,new,Daniel FG,0.27712,16,"Wed, 28 Sep 2016 11:09:49 (-22.6h)"
27,↑81,tkm2261,0.2768,63,"Thu, 29 Sep 2016 18:47:36 (-2.3d)"
28,new,Tianyi Wang,0.27676,18,"Thu, 29 Sep 2016 10:06:07"
29,↓1,Allenbj,0.27665,29,"Thu, 29 Sep 2016 6:42:58"
30,↓10,ncavallo,0.27592,9,"Wed, 28 Sep 2016 06:05:16 (-0.1h)"
31,↓16,Russ W,0.27567,16,"Wed, 28 Sep 2016 01:24:57 (-0.1h)"
32,↓15,"Horatio 
   
   - Christian Hirsch
   - Philipp Schmidt
   - Uwe Dick",0.27549,32,"Thu, 29 Sep 2016 22:15:22"
33,↓19,matt,0.27529,39,"Tue, 20 Sep 2016 14:36:12 (-8.9d)"
34,↓18,Timur Islamov,0.27427,76,"Thu, 29 Sep 2016 13:42:43 (-10d)"
35,↓16,"Alex & Nico 
   
   - Alexandre Araujo
   - Nicolas R",0.27196,26,"Wed, 21 Sep 2016 22:44:19"
36,↑4,weiwei,0.27188,33,"Thu, 29 Sep 2016 15:17:47"
37,↓16,rmldj,0.27184,15,"Wed, 21 Sep 2016 01:01:28 (-24.1h)"
38,↓7,Uwe Sterr,0.2701,31,"Mon, 26 Sep 2016 16:25:41 (-8.2h)"
39,↓17,Branden Murray @ h2o.ai,0.26949,23,"Tue, 27 Sep 2016 20:07:17 (-12.1d)"
40,↑149,"LABMUR 
   
   - Laurae
   - RodolpheLampe
   - Alexandru Papiu
   - Michael Maguire
   - joostgp
   - Shubin",0.26912,23,"Thu, 29 Sep 2016 23:19:13 (-21.5h)"
41,↓18,ivo,0.26898,75,"Mon, 26 Sep 2016 22:33:28 (-12.5d)"
42,↓18,y,0.26854,43,"Sat, 17 Sep 2016 23:19:19 (-5.3d)"
43,↓18,Bohdan Pavlyshenko,0.26832,38,"Sat, 17 Sep 2016 06:39:40 (-0.2h)"
44,new,KazAnova,0.26769,4,"Sun, 25 Sep 2016 00:31:57 (-7.8h)"
45,↓9,ShenHuang,0.26754,19,"Thu, 29 Sep 2016 21:27:49"
46,new,MN1838,0.26624,1,"Fri, 30 Sep 2016 1:26:01"
47,↓20,MikeK,0.26609,9,"Wed, 28 Sep 2016 23:06:59 (-10d)"
48,↓14,Ming Li,0.26591,39,"Thu, 29 Sep 2016 00:57:32 (-2.9d)"
49,↓20,koneessa on vika,0.26566,66,"Thu, 15 Sep 2016 22:10:49 (-19.6h)"
50,↓20,Ionstine,0.26525,18,"Thu, 29 Sep 2016 15:17:00 (-7.8d)"
51,↓19,WeiZhang,0.26517,14,"Mon, 26 Sep 2016 17:13:19 (-8.9d)"
52,↓19,Michael Wallin,0.26503,10,"Sun, 18 Sep 2016 19:26:32 (-29.3h)"
53,↓16,"RaginCajun 
   
   - Yamini
   - PrakashSubedi",0.26414,21,"Sat, 24 Sep 2016 19:01:11 (-1.4h)"
54,↓15,Manel,0.26374,6,"Mon, 26 Sep 2016 09:56:30 (-2.9d)"
55,↓4,"Titan 
   
   - Tien-Dung Le
   - neuron",0.2629,92,"Fri, 30 Sep 2016 01:10:29 (-3.2d)"
56,new,gmobaz,0.26268,10,"Fri, 30 Sep 2016 1:26:22"
57,↑97,Waring,0.26235,19,"Thu, 29 Sep 2016 4:51:32"
58,new,Abriosi,0.26125,9,"Mon, 26 Sep 2016 11:53:50 (-8.2h)"
59,↑108,Mohd Shadab Alam,0.26112,45,"Thu, 29 Sep 2016 05:32:16 (-15.1h)"
60,↓22,Vasili Shushval,0.2607,20,"Tue, 27 Sep 2016 11:56:20 (-7.1d)"
61,↑64,"Wenbo & Yuxi 
   
   - deltap
   - Wenbo",0.26059,40,"Fri, 30 Sep 2016 00:37:44 (-45.4h)"
62,↓14,Maxwell,0.25992,47,"Wed, 28 Sep 2016 23:27:13 (-3.1d)"
63,↓22,asdf,0.25925,31,"Fri, 30 Sep 2016 00:15:40 (-10.7d)"
64,↓22,Yuichi Iwanami,0.25893,42,"Thu, 29 Sep 2016 20:02:13 (-25.9h)"
65,—,BalajiAnandan,0.25887,12,"Mon, 26 Sep 2016 13:50:40 (-0.4h)"
66,↓7,"Bavaria 
   
   - hami
   - ErikSchumacher",0.25874,33,"Wed, 28 Sep 2016 12:40:43 (-2.7d)"
67,↑133,mst,0.2587,6,"Mon, 26 Sep 2016 20:43:53 (-32.3h)"
68,new,lebowski,0.25847,9,"Wed, 28 Sep 2016 15:59:25 (-0h)"
69,new,brassmonkey,0.25809,28,"Thu, 29 Sep 2016 23:47:00 (-43.8h)"
70,↓27,quadcore,0.25807,78,"Thu, 29 Sep 2016 23:28:28 (-31.8h)"
71,↓27,odjansse,0.25703,55,"Fri, 09 Sep 2016 12:23:47 (-42.1h)"
72,↑412,Xiaoyu Wang,0.25694,11,"Sun, 25 Sep 2016 13:15:45 (-0.5h)"
73,↑252,"Analytics-In-Genes 
   
   - Jayaraman
   - Chetan Madhok",0.25673,44,"Thu, 29 Sep 2016 12:16:21 (-5h)"
74,new,x0x0w1,0.25653,4,"Thu, 29 Sep 2016 17:12:00"
75,↓30,Li-Der,0.25652,13,"Mon, 26 Sep 2016 17:40:12 (-6d)"
76,↓30,BreakfastPirate,0.25649,2,"Tue, 20 Sep 2016 20:29:46"
77,↑108,Massimiliano,0.25612,14,"Thu, 29 Sep 2016 19:20:12 (-0.1h)"
78,↓31,renFLU,0.25603,20,"Thu, 15 Sep 2016 11:23:04 (-38.6h)"
79,↑43,NetworkMiner,0.25519,36,"Fri, 30 Sep 2016 01:00:14 (-3d)"
80,↓31,zombozi,0.25462,51,"Mon, 12 Sep 2016 18:15:51 (-4.5d)"
81,↓18,<<>>,0.25447,27,"Sun, 25 Sep 2016 13:54:42 (-0h)"
82,↓32,One Old Dog,0.25408,79,"Wed, 28 Sep 2016 23:18:03"
83,new,cmanning,0.25373,3,"Wed, 28 Sep 2016 02:47:10 (-0h)"
84,↓32,"mongoose 
   
   - farstar
   - YoungchulPark",0.25359,38,"Thu, 08 Sep 2016 18:39:07 (-8d)"
85,new,Eureka,0.25356,12,"Thu, 29 Sep 2016 15:33:10 (-3.4d)"
86,↓33,"Surreal numbers 
   
   - Dave Hurst
   - SalvadorDali",0.25326,28,"Thu, 29 Sep 2016 10:05:29 (-7.1d)"
87,↑183,sojourner,0.25302,22,"Wed, 28 Sep 2016 08:05:25 (-2.8d)"
88,↓34,pim,0.25284,15,"Thu, 01 Sep 2016 03:03:20 (-23.7h)"
89,↑14,bk20,0.25279,28,"Wed, 28 Sep 2016 21:02:15 (-5d)"
90,↓35,lewis,0.25262,7,"Tue, 13 Sep 2016 08:00:31 (-18.7h)"
91,↓24,"DataHackerByr 
   
   - jiandong
   - dongyun
   - baozuyi",0.25224,25,"Wed, 28 Sep 2016 12:04:44 (-24.4h)"
92,↓19,Behrang,0.25198,14,"Wed, 28 Sep 2016 2:23:57"
93,↓37,Paweł,0.25151,6,"Thu, 01 Sep 2016 18:39:26 (-7.3h)"
94,↓37,PiotrLewanda,0.25146,19,"Tue, 13 Sep 2016 13:52:37 (-14.9d)"
95,↓23,GreatDataAnalyst,0.251,26,"Fri, 23 Sep 2016 3:06:09"
96,↓38,Denis Vlasov,0.25086,30,"Thu, 29 Sep 2016 13:29:23 (-11.1d)"
97,↓37,markoesa,0.25067,22,"Thu, 29 Sep 2016 07:28:16 (-24d)"
98,↓37,mingjerli,0.25032,17,"Mon, 19 Sep 2016 21:07:00 (-11h)"
99,↓37,Citrinitas,0.25018,13,"Thu, 15 Sep 2016 09:32:20 (-23.3h)"
100,↓34,bosch@gk,0.25006,40,"Thu, 29 Sep 2016 7:30:31"
101,new,qqilihq,0.24992,13,"Thu, 29 Sep 2016 6:47:52"
102,↓38,bestfitting,0.24989,27,"Thu, 29 Sep 2016 13:41:41 (-8.4d)"
103,↑18,Praveen Adepu,0.24987,9,"Thu, 29 Sep 2016 15:59:27 (-10.2h)"
104,↑51,vlad107,0.24948,12,"Thu, 29 Sep 2016 09:01:30 (-11.7h)"
105,new,QuốcBảoĐỗ,0.24887,15,"Wed, 28 Sep 2016 15:50:42 (-25.5h)"
106,↓30,CPMP,0.2486,10,"Thu, 29 Sep 2016 18:07:51"
107,↑103,Pablo Araya-Melo,0.24777,24,"Thu, 29 Sep 2016 11:00:45 (-1.8h)"
108,↓40,我不管,0.24772,10,"Sun, 11 Sep 2016 18:47:36"
109,↓40,Igor Pasechnik,0.24759,14,"Sun, 28 Aug 2016 16:55:20 (-1.1h)"
110,↓39,Дмитрий Фисько,0.24642,24,"Thu, 29 Sep 2016 12:42:12 (-7.3d)"
111,↑8,Rangel Dokov,0.2463,12,"Wed, 28 Sep 2016 18:21:12"
112,↑3,"JPOM_Boys 
   
   - gingerman
   - Niko",0.24621,54,"Fri, 30 Sep 2016 00:05:20 (-29.5h)"
113,new,marcos,0.24554,8,"Wed, 28 Sep 2016 5:26:59"
114,↑91,"RAM Killer :( 
   
   - Yuyu Zhou
   - totoro
   - zhanlong",0.24546,5,"Fri, 30 Sep 2016 00:19:47 (-5.2d)"
115,↑42,Ayman Khalafallah,0.24498,11,"Thu, 29 Sep 2016 21:15:24 (-1.1h)"
116,↓27,"Mojtaba-Saber 
   
   - Saber
   - Mojtaba",0.24439,29,"Wed, 28 Sep 2016 22:49:52"
117,↓42,Afanasjev Dmitry,0.2442,12,"Fri, 23 Sep 2016 09:47:45 (-0.6h)"
118,↓44,sourish,0.24419,9,"Sat, 17 Sep 2016 08:12:16 (-16.7h)"
119,new,bilibilibomb,0.24324,1,"Thu, 29 Sep 2016 0:46:12"
120,↑438,kenkoooo,0.24301,3,"Thu, 29 Sep 2016 22:08:15 (-15h)"
121,↑449,solohayuna,0.2428,5,"Mon, 26 Sep 2016 17:23:18 (-25.2h)"
122,↑378,echo,0.24247,5,"Tue, 27 Sep 2016 14:56:42 (-0.2h)"
123,↓46,Ambareesh Prakash,0.24229,31,"Sun, 18 Sep 2016 06:51:24 (-5.9d)"
124,new,Sunil Godara,0.24223,2,"Thu, 29 Sep 2016 11:22:28"
125,↓47,m9798760,0.24205,51,"Thu, 29 Sep 2016 00:26:24 (-25.8d)"
126,↓47,Dan Kolbman,0.24178,9,"Thu, 15 Sep 2016 22:04:33"
127,↑43,BismarckLiu,0.24146,16,"Fri, 30 Sep 2016 00:00:28 (-2.9d)"
128,↓48,michfeld,0.2413,11,"Tue, 30 Aug 2016 21:24:00 (-7.4d)"
129,new,jsn13,0.24106,2,"Sat, 24 Sep 2016 12:47:41 (-0.2h)"
130,↓49,mlandry,0.24095,13,"Wed, 21 Sep 2016 16:27:46 (-28h)"
131,new,Abhilash Awasthi,0.24084,3,"Tue, 27 Sep 2016 07:07:13 (-20.4h)"
132,↓50,hamelg,0.24077,16,"Sat, 10 Sep 2016 20:03:58 (-30.1h)"
133,new,yglSmith,0.24055,2,"Wed, 28 Sep 2016 18:36:38 (-0h)"
134,↓50,"RandomFrogs ╭⦿..⦿╮ 
   
   - JonnyLXY
   - Diego De Lazzari",0.24039,21,"Thu, 22 Sep 2016 23:30:25 (-5d)"
135,↓48,Andrei Gorchakov,0.24002,25,"Wed, 28 Sep 2016 21:02:06 (-5.6d)"
136,↑197,g_votte,0.23981,6,"Wed, 28 Sep 2016 15:43:59 (-0.4h)"
137,↑107,Fanilo A.,0.23975,5,"Sun, 25 Sep 2016 18:02:24"
138,↓53,Panos,0.23956,7,"Thu, 29 Sep 2016 16:36:19 (-30d)"
139,new,salka,0.23954,1,"Fri, 30 Sep 2016 1:05:00"
140,↓52,Zak (Zhen) Hou,0.23931,4,"Sat, 24 Sep 2016 4:45:27"
141,↓55,Michael J. Sabal,0.23927,9,"Fri, 09 Sep 2016 10:17:48 (-23.8h)"
142,↓7,Jozsi,0.23923,10,"Tue, 27 Sep 2016 20:01:22 (-2.4d)"
143,new,yilisg,0.23906,2,"Sun, 25 Sep 2016 11:53:19"
144,↓54,Doron,0.23751,28,"Fri, 09 Sep 2016 09:09:57 (-23.1h)"
145,↓54,"New Model Army 
   
   - Konrad Banachewicz
   - Mike Pearmain
   - SRK",0.23745,8,"Tue, 27 Sep 2016 20:44:00 (-37.9d)"
146,new,AUC,0.23738,10,"Sun, 25 Sep 2016 15:03:44 (-6.9h)"
147,new,bunterrrrr,0.23718,5,"Wed, 28 Sep 2016 12:22:47 (-2.3d)"
148,↓55,"PikaGoodGoodGood 
   
   - kennyponpon
   - Peiyu",0.23688,9,"Wed, 21 Sep 2016 11:51:33"
149,↓55,Devika,0.23608,4,"Tue, 20 Sep 2016 3:14:50"
150,↓55,Sami33,0.23599,9,"Thu, 22 Sep 2016 12:56:12"
151,new,"Like A Bosch 
   
   - MrTwiggy
   - kaluda",0.23589,3,"Tue, 27 Sep 2016 0:09:15"
152,↓55,F.J.Martinez-de-Pison,0.23575,20,"Tue, 27 Sep 2016 18:37:33 (-7.4d)"
153,↑224,Andrey B,0.23553,24,"Thu, 29 Sep 2016 03:40:00 (-4.8d)"
154,↓56,Bryce Schumacher,0.23545,25,"Thu, 22 Sep 2016 21:48:01 (-2.4h)"
155,↑74,Adatikus,0.23544,19,"Thu, 29 Sep 2016 20:51:52 (-5.1d)"
156,↓5,jeffd23,0.23544,29,"Wed, 28 Sep 2016 21:35:26 (-2.9d)"
157,↑185,Nikolay Chervyakov,0.23511,23,"Tue, 27 Sep 2016 15:06:15 (-0h)"
158,↓52,MrOoijer,0.23475,11,"Mon, 26 Sep 2016 08:44:52 (-2.5d)"
159,↑137,"KaggleITMOUnion 
   
   - ГеоргийКоноплич
   - dn1k
   - Ilya Dronov
   - stoyanovd",0.23414,3,"Tue, 27 Sep 2016 20:40:04"
160,↓61,Sterby,0.2341,8,"Thu, 01 Sep 2016 10:35:46 (-10.9d)"
161,↑110,"BOSHI 
   
   - xyz
   - Jerry Chen",0.23368,12,"Wed, 28 Sep 2016 13:21:53 (-3.3d)"
162,↓62,Narendhar,0.23344,24,"Thu, 29 Sep 2016 05:29:28 (-7d)"
163,↓61,Haim Schneider,0.23322,4,"Sun, 25 Sep 2016 18:09:53 (-10.4d)"
164,new,mrjim,0.23312,4,"Wed, 28 Sep 2016 13:36:22"
165,↑189,Jolycrew,0.23283,30,"Thu, 29 Sep 2016 00:40:41 (-0.2h)"
166,↓62,Evdilos_Ikaria,0.23272,6,"Thu, 29 Sep 2016 03:59:07 (-6.3d)"
167,↓62,mrxnew,0.2324,36,"Wed, 21 Sep 2016 10:21:14 (-2.8d)"
168,↓61,Vien Nguyen,0.2322,3,"Thu, 15 Sep 2016 10:14:16"
169,new,Felix Remmel,0.23192,1,"Mon, 26 Sep 2016 8:28:47"
170,↓61,Robert Martin,0.23172,15,"Thu, 29 Sep 2016 20:52:07 (-14d)"
171,↑98,LookingForEntryLevelJob,0.23132,23,"Thu, 29 Sep 2016 02:57:05 (-0.1h)"
172,↓3,Hotei,0.23079,39,"Thu, 29 Sep 2016 20:33:55 (-42.8h)"
173,↓46,ZohairZahid,0.23068,43,"Thu, 29 Sep 2016 07:43:43 (-40.3h)"
174,↓64,Paulo Pinto,0.23063,11,"Wed, 21 Sep 2016 17:18:39 (-23h)"
175,↓64,Leandro dos Santos Coelho,0.23055,54,"Thu, 29 Sep 2016 22:18:40 (-0.1h)"
176,↓64,ClockWorkWorld,0.2299,14,"Fri, 16 Sep 2016 15:20:46 (-19.1h)"
177,↑4,the1owl,0.22985,79,"Thu, 29 Sep 2016 05:18:01 (-4.2d)"
178,↓33,Russ Boucher,0.22982,27,"Sun, 25 Sep 2016 21:20:44 (-5.7h)"
179,↓66,ChapmanS,0.22973,1,"Wed, 21 Sep 2016 2:35:15"
180,↓47,mnozari,0.22972,20,"Mon, 26 Sep 2016 09:13:48 (-3d)"
181,new,Mads,0.22956,6,"Tue, 27 Sep 2016 15:54:11 (-39.3h)"
182,↑403,Banana Kitty,0.2293,20,"Thu, 29 Sep 2016 13:28:22 (-5d)"
183,↓69,phung huynh xuan,0.22924,24,"Sun, 11 Sep 2016 13:32:16 (-2.4d)"
184,new,DZiffel,0.22903,2,"Wed, 28 Sep 2016 23:45:18"
185,new,Bogdan Melnik,0.22899,5,"Mon, 26 Sep 2016 13:15:51 (-0.6h)"
186,↓70,Bojan Tunguz,0.22877,54,"Mon, 26 Sep 2016 23:11:44 (-35d)"
187,↓70,PokutnikAlexander,0.22865,9,"Sun, 11 Sep 2016 21:39:29"
188,↓38,neostat,0.22861,19,"Wed, 28 Sep 2016 22:31:33 (-2.3h)"
189,↓71,wsss,0.22849,6,"Tue, 20 Sep 2016 15:21:38"
190,new,iris2007,0.22847,8,"Thu, 29 Sep 2016 17:47:39 (-2.8d)"
191,new,iozc,0.22806,6,"Thu, 29 Sep 2016 7:31:56"
192,new,zxwq,0.22803,7,"Thu, 29 Sep 2016 18:57:47"
193,new,Humberto Brandão,0.22802,8,"Mon, 26 Sep 2016 06:42:05 (-26.9h)"
194,↓64,Pragati Shakrawar,0.22795,30,"Mon, 26 Sep 2016 15:08:45 (-3d)"
195,↓75,mattmeng,0.22786,9,"Mon, 19 Sep 2016 04:36:32 (-21.1h)"
196,↓34,Kai Sasaki,0.22765,10,"Thu, 29 Sep 2016 10:58:41 (-36.4h)"
197,new,vignesh vijayarajan,0.22763,5,"Thu, 29 Sep 2016 15:09:15 (-0.9h)"
198,↓75,AlbertoRe,0.22756,14,"Thu, 29 Sep 2016 13:41:52 (-7.1d)"
199,↓75,younesskatraoui,0.22749,21,"Wed, 28 Sep 2016 22:35:15 (-30d)"
200,↓74,aleino,0.22728,12,"Fri, 02 Sep 2016 9:14:49"
201,↓73,Terje,0.22696,7,"Thu, 29 Sep 2016 18:59:44 (-8.9d)"
202,↓73,gorillas,0.22667,13,"Thu, 29 Sep 2016 05:54:27 (-19.7d)"
203,new,"Hello World 
   
   - Nishant Kumar
   - Flying_Ostrich",0.22644,5,"Thu, 29 Sep 2016 6:28:25"
204,new,onthehilluu,0.22636,8,"Thu, 29 Sep 2016 5:52:47"
205,↓74,Praveen Singh,0.22568,34,"Tue, 27 Sep 2016 01:06:34 (-2.6d)"
206,new,Abhishek Jindal,0.22523,3,"Thu, 29 Sep 2016 5:58:33"
207,↓71,Mukesh Ranjan,0.22513,46,"Wed, 28 Sep 2016 06:49:19 (-3.1d)"
208,new,crownpku,0.2251,2,"Sun, 25 Sep 2016 1:42:33"
209,↑109,JeffH,0.22482,4,"Sun, 25 Sep 2016 4:38:38"
210,↓78,Ginga,0.22475,35,"Sat, 24 Sep 2016 07:22:28 (-4.8d)"
211,↓77,Arti163pl,0.22436,18,"Wed, 31 Aug 2016 03:03:25 (-5.7d)"
212,↓47,VictorGarcia,0.22408,20,"Tue, 27 Sep 2016 04:47:40 (-35.4h)"
213,new,Bang Nguyen,0.22395,9,"Wed, 28 Sep 2016 15:42:15 (-29.2h)"
214,↓50,Abhinav Maurya,0.22383,3,"Sat, 24 Sep 2016 23:26:10"
215,↓78,ArindamDutta,0.22346,19,"Wed, 28 Sep 2016 21:36:09 (-6.3d)"
216,↓64,vopani,0.22341,8,"Sun, 25 Sep 2016 21:13:25"
217,↓51,Chippy,0.22337,9,"Mon, 26 Sep 2016 11:24:21 (-0.2h)"
218,new,Djamel Khebab,0.2232,4,"Thu, 29 Sep 2016 22:18:01"
219,↓81,Jussi Määttä,0.223,10,"Mon, 26 Sep 2016 04:06:39 (-26d)"
220,↓81,alc1,0.2229,7,"Fri, 16 Sep 2016 12:35:29 (-10.8d)"
221,↓81,Elena Cuoco,0.22288,26,"Thu, 22 Sep 2016 10:41:15 (-2.6d)"
222,↓81,Cognito M,0.22288,1,"Wed, 21 Sep 2016 16:05:38"
223,↓81,yafokg,0.22287,4,"Thu, 15 Sep 2016 15:57:33"
224,↓34,Alexander Ryzhkov,0.22274,6,"Thu, 29 Sep 2016 22:18:27 (-0.4h)"
225,new,EnhaoSong,0.22263,4,"Sat, 24 Sep 2016 17:44:59 (-1.2h)"
226,↓52,TarunParmar,0.22254,8,"Wed, 28 Sep 2016 3:09:52"
227,↑120,"Insights for Fun 
   
   - Fleddermaus
   - Raghavender Nadella
   - JedIsom",0.22249,9,"Thu, 29 Sep 2016 00:48:40 (-22h)"
228,new,goodlearn,0.22239,4,"Wed, 28 Sep 2016 17:34:14"
229,↓86,Matt Stroganov,0.22229,63,"Thu, 29 Sep 2016 12:48:54 (-11.9d)"
230,↓86,jlef,0.22229,3,"Thu, 22 Sep 2016 13:17:04"
231,↑60,DeanNg,0.22201,15,"Thu, 29 Sep 2016 06:29:48 (-46.4h)"
232,new,HongNhungPhan,0.22099,5,"Sun, 25 Sep 2016 15:32:02 (-0.1h)"
233,new,jeannief,0.22097,4,"Wed, 28 Sep 2016 13:32:27 (-20.9h)"
234,new,pavel.barykin,0.2206,5,"Wed, 28 Sep 2016 19:30:32 (-3.9h)"
235,↓49,kos_,0.22059,23,"Thu, 29 Sep 2016 21:57:09 (-2d)"
236,new,happycube,0.21969,5,"Thu, 29 Sep 2016 15:12:02 (-2.4d)"
237,new,karimo,0.21959,11,"Fri, 30 Sep 2016 0:31:59"
238,↓82,"Yuqing Xue 
   
   - Testimate
   - Yuqing Xue",0.21947,6,"Mon, 26 Sep 2016 17:38:30 (-39.6h)"
239,↓93,"pankajsharma 
   
   - pankajsharma
   - ayushchaurasia",0.21944,15,"Fri, 23 Sep 2016 12:35:49 (-29.3h)"
240,↓93,"Wild_Fire 
   
   - Dalaska
   - Harry",0.21911,49,"Wed, 14 Sep 2016 14:04:40 (-7.1d)"
241,↓93,MockTurtle,0.21909,9,"Wed, 07 Sep 2016 21:19:45 (-10d)"
242,↓93,CeShine Lee,0.21907,1,"Sun, 18 Sep 2016 11:54:04"
243,new,Jianbo Ye,0.21904,7,"Mon, 26 Sep 2016 00:03:07 (-18.5h)"
244,new,Magic,0.2189,2,"Tue, 27 Sep 2016 10:43:25 (-0.6h)"
245,↑56,DL,0.21886,34,"Wed, 28 Sep 2016 11:33:36"
246,↓13,Xavier Van Ausloos,0.21883,2,"Tue, 27 Sep 2016 20:07:18"
247,↓53,GunjanDewan,0.21841,6,"Sun, 25 Sep 2016 15:05:40 (-1.6h)"
248,↓6,AiO,0.21833,12,"Mon, 26 Sep 2016 17:49:09 (-2.7d)"
249,new,Saibal Dutta,0.21826,8,"Sat, 24 Sep 2016 20:53:08 (-0.5h)"
250,new,Kirill Alshewski,0.21826,1,"Sun, 25 Sep 2016 0:40:35"
251,new,Nilotpal Sinha,0.21826,3,"Sun, 25 Sep 2016 8:09:12"
252,new,alijs,0.21826,1,"Sun, 25 Sep 2016 16:19:11"
253,new,randomized,0.21826,11,"Tue, 27 Sep 2016 20:47:13 (-2d)"
254,new,Etherqua,0.21826,1,"Sun, 25 Sep 2016 21:16:28"
255,new,no_stream,0.21826,2,"Mon, 26 Sep 2016 03:21:39 (-0h)"
256,↓98,Vadim Popov,0.21826,4,"Mon, 26 Sep 2016 9:37:47"
257,↑67,Johnny Strings,0.21826,4,"Mon, 26 Sep 2016 12:37:57"
258,↑252,Lawrence Chernin,0.21826,2,"Mon, 26 Sep 2016 17:36:57"
259,↓79,U023,0.21814,10,"Mon, 26 Sep 2016 21:31:30"
260,↓25,Misfyre,0.21811,13,"Tue, 27 Sep 2016 04:58:01 (-22.6h)"
261,new,3sigma,0.21782,3,"Mon, 26 Sep 2016 09:37:44 (-0.1h)"
262,↓109,Eliot Andres,0.21781,6,"Tue, 27 Sep 2016 13:56:32 (-7.7d)"
263,↑107,Битов Алекс,0.21745,23,"Thu, 29 Sep 2016 20:11:19 (-6.4d)"
264,new,JC,0.21744,4,"Sun, 25 Sep 2016 1:57:09"
265,new,quantability,0.21709,1,"Mon, 26 Sep 2016 18:09:43"
266,↓107,SaiRajaGopal,0.21695,2,"Tue, 20 Sep 2016 8:26:59"
267,new,natbel ML fun,0.21684,2,"Wed, 28 Sep 2016 18:08:11 (-0h)"
268,↓108,vborees,0.21683,14,"Sun, 25 Sep 2016 20:20:38 (-7d)"
269,↓108,Henley-13,0.2167,11,"Sun, 25 Sep 2016 04:35:55 (-2.5d)"
270,new,TheDude,0.21669,4,"Thu, 29 Sep 2016 11:36:44 (-2.2d)"
271,new,Jorrit Kronjee,0.21664,2,"Sat, 24 Sep 2016 10:41:18"
272,new,Vlad Balanda,0.21637,21,"Thu, 29 Sep 2016 21:11:24 (-4.5d)"
273,↑135,ManuelWiest,0.21626,10,"Wed, 28 Sep 2016 15:45:44 (-2.1d)"
274,↑91,HueyKwik,0.21612,9,"Sun, 25 Sep 2016 22:15:16"
275,↓112,Tim Leathart,0.2159,11,"Wed, 31 Aug 2016 20:16:11 (-1.6h)"
276,↑63,xiaotaw,0.21576,37,"Sat, 24 Sep 2016 08:53:11 (-5.2h)"
277,new,tangoon,0.21562,2,"Thu, 29 Sep 2016 17:49:54"
278,new,ia_ai,0.21561,3,"Sat, 24 Sep 2016 23:49:34 (-0.4h)"
279,new,Xelloss,0.21555,2,"Thu, 29 Sep 2016 03:37:37 (-5.6h)"
280,↓112,Lawrence Wu,0.21547,1,"Thu, 08 Sep 2016 16:25:34"
281,↑25,Nikita Putintsev,0.21545,5,"Sat, 24 Sep 2016 0:30:34"
282,new,IaryJoseph,0.21493,5,"Thu, 29 Sep 2016 13:26:18 (-0h)"
283,new,vishallakha,0.2149,3,"Sat, 24 Sep 2016 20:00:53"
284,new,SaraMeftah,0.2149,1,"Tue, 27 Sep 2016 11:12:24"
285,new,Wenlong Shen,0.2149,1,"Tue, 27 Sep 2016 12:15:19"
286,new,Dan Li,0.2149,2,"Tue, 27 Sep 2016 14:17:15"
287,↑34,gavrand,0.2149,7,"Tue, 27 Sep 2016 15:19:20"
288,new,Giorgio Saez,0.2149,1,"Tue, 27 Sep 2016 19:41:09"
289,new,rajkumar bn,0.2149,1,"Wed, 28 Sep 2016 5:41:48"
290,↓64,jesting.pilate,0.2149,2,"Wed, 28 Sep 2016 10:16:15"
291,new,Sergei Bugrov,0.2149,1,"Thu, 29 Sep 2016 15:40:56"
292,↓121,ChipMonkey,0.21488,5,"Thu, 15 Sep 2016 02:26:07 (-0.4h)"
293,new,mamopublic,0.21479,1,"Thu, 29 Sep 2016 1:45:10"
294,new,KyleLee,0.21476,1,"Sun, 25 Sep 2016 15:35:42"
295,↓123,Tad,0.2146,4,"Wed, 21 Sep 2016 16:42:06 (-2.4h)"
296,↓123,Pavel Svintsov,0.21459,8,"Sun, 25 Sep 2016 10:17:51 (-4.8d)"
297,↓24,MattBrown,0.21446,22,"Thu, 29 Sep 2016 21:16:29 (-18h)"
298,↓123,Andrey K,0.21439,19,"Tue, 20 Sep 2016 09:14:03 (-0.8h)"
299,↓9,Erik,0.21415,5,"Tue, 27 Sep 2016 20:08:22 (-4.2d)"
300,↓53,Kristijan Bartol,0.21396,2,"Sat, 24 Sep 2016 16:25:14"
301,↓125,Teonite,0.21393,1,"Mon, 19 Sep 2016 7:18:04"
302,new,Rob Wishart,0.21386,10,"Thu, 29 Sep 2016 21:08:23 (-24.4h)"
303,↓126,Station32,0.21373,2,"Sun, 04 Sep 2016 18:12:53"
304,new,Christian Muench,0.21372,1,"Wed, 28 Sep 2016 21:09:16"
305,↓127,PiotrWiniarski,0.21343,5,"Mon, 19 Sep 2016 14:01:42 (-3.1h)"
306,new,NewportKing,0.21337,3,"Thu, 29 Sep 2016 20:09:52 (-6.2d)"
307,↓128,dibus2,0.21329,11,"Wed, 28 Sep 2016 12:56:33 (-8.4d)"
308,new,adityasinha,0.21309,11,"Thu, 29 Sep 2016 15:17:02 (-3.5d)"
309,new,"datablood 
   
   - ihziuhoay
   - brookpang
   - nooodles",0.21307,1,"Mon, 26 Sep 2016 9:08:47"
310,new,Pedro Lima,0.21285,1,"Thu, 29 Sep 2016 8:54:21"
311,↓129,Vitor Alcântara Batista,0.2126,1,"Tue, 20 Sep 2016 16:06:16"
312,↓129,"thinkingwall-e 
   
   - freiz
   - tiger1991223",0.21247,6,"Wed, 28 Sep 2016 15:29:31 (-7.5d)"
313,↓129,tecperson,0.21239,5,"Tue, 20 Sep 2016 18:54:45 (-3h)"
314,↑234,Takayuki Kawabata,0.21231,8,"Sat, 24 Sep 2016 0:06:36"
315,↓55,Claude,0.21206,2,"Mon, 26 Sep 2016 16:53:42"
316,↓129,addiction,0.21186,7,"Tue, 30 Aug 2016 05:54:37 (-13.2h)"
317,↓129,MartinLumiste,0.21183,16,"Sun, 04 Sep 2016 19:11:35 (-4.1d)"
318,↑46,Takuya,0.21171,10,"Sat, 24 Sep 2016 12:47:02"
319,new,breakhearts,0.21162,3,"Sun, 25 Sep 2016 14:57:50 (-5.2h)"
320,↓129,bekir,0.21151,9,"Wed, 21 Sep 2016 22:05:01"
321,new,Joerg,0.21151,2,"Tue, 27 Sep 2016 19:09:14"
322,↑85,AdrianP,0.21148,12,"Wed, 28 Sep 2016 14:27:10 (-4.9d)"
323,new,Rajiv,0.21148,1,"Fri, 23 Sep 2016 12:06:58"
324,new,Niranjan Kumar Nakkala,0.21148,1,"Sat, 24 Sep 2016 7:33:46"
325,↓47,olegpolivin,0.21142,52,"Sat, 24 Sep 2016 07:23:35 (-15.2h)"
326,↓70,RyanKramer,0.21139,4,"Sat, 24 Sep 2016 3:30:41"
327,↑101,graseck,0.21136,12,"Sat, 24 Sep 2016 09:29:13 (-0.5h)"
328,↑169,DataStunner,0.21129,3,"Sun, 25 Sep 2016 19:03:41 (-1.1h)"
329,↓137,Dimitris Leventis,0.21126,39,"Sun, 11 Sep 2016 11:54:38 (-14.9d)"
330,↓137,"DS-Loch 
   
   - Shailja Thakur
   - Renjith",0.21119,3,"Thu, 22 Sep 2016 11:37:21 (-2.1d)"
331,new,Lesaffrea,0.21113,2,"Sun, 25 Sep 2016 01:10:49 (-24.2h)"
332,↓137,Siddharth Chandrakant,0.21099,5,"Sat, 27 Aug 2016 17:40:53 (-3.2h)"
333,↓95,guaiguai,0.21097,4,"Sun, 25 Sep 2016 16:23:09 (-4.6h)"
334,↓138,Lateral Analytics,0.21092,3,"Mon, 26 Sep 2016 11:00:08 (-4d)"
335,↓138,DisplayName,0.21088,1,"Thu, 15 Sep 2016 14:13:11"
336,↓138,Numerical Methodical,0.21082,16,"Sun, 11 Sep 2016 04:08:10 (-5.2d)"
337,↓138,alexis 2,0.21069,4,"Thu, 22 Sep 2016 05:35:20 (-7.1d)"
338,↓27,"PreBosch 
   
   - ManojSukhavasi
   - puneeth019
   - SainathAdapa",0.21051,29,"Sun, 25 Sep 2016 13:19:17"
339,new,AndreyAlexeev,0.21045,6,"Mon, 26 Sep 2016 05:03:59 (-36.2h)"
340,↓82,welkinwdu,0.20997,4,"Fri, 23 Sep 2016 2:14:53"
341,↓140,Jose,0.2097,4,"Wed, 14 Sep 2016 00:00:00 (-0.3h)"
342,new,Scirpus,0.20954,10,"Thu, 29 Sep 2016 7:07:29"
343,↓141,VladimirSemenovykh,0.20943,2,"Sun, 18 Sep 2016 09:31:56 (-11.8h)"
344,↓141,leochu,0.20925,18,"Sun, 04 Sep 2016 07:45:05 (-4.7d)"
345,↓141,Data Padawan,0.20922,5,"Wed, 21 Sep 2016 18:04:58 (-7d)"
346,new,TD,0.20922,2,"Thu, 29 Sep 2016 20:17:46 (-14.8h)"
347,↓104,Prafulla,0.20913,10,"Thu, 29 Sep 2016 14:00:53 (-0.4h)"
348,new,Dsaf,0.20904,1,"Tue, 27 Sep 2016 8:19:48"
349,↓143,Cl_ev,0.20886,3,"Wed, 21 Sep 2016 17:20:05 (-9.3h)"
350,↓143,yoctofoot,0.20884,5,"Tue, 06 Sep 2016 06:59:10 (-3.5d)"
351,↓143,ecustwm,0.20866,1,"Tue, 20 Sep 2016 14:48:43"
352,↓143,Gianni,0.20865,1,"Wed, 21 Sep 2016 7:45:15"
353,↓142,uday1889,0.20858,2,"Fri, 16 Sep 2016 14:23:15"
354,↓142,Lucien de Rubempre,0.20858,89,"Fri, 16 Sep 2016 22:51:43"
355,↓142,ziwusun,0.20858,1,"Sat, 17 Sep 2016 1:44:44"
356,↓142,Data Vader,0.20858,1,"Sat, 17 Sep 2016 6:29:59"
357,↓142,algoai,0.20858,1,"Sat, 17 Sep 2016 17:33:09"
358,↓142,"Bob, Lord of Cats",0.20858,9,"Wed, 21 Sep 2016 22:02:15 (-3.1d)"
359,↓142,flashnik,0.20858,2,"Mon, 19 Sep 2016 07:08:22 (-0h)"
360,↓142,augustusmyc,0.20858,1,"Mon, 19 Sep 2016 9:09:03"
361,↓142,Anuj Mehra,0.20858,1,"Mon, 19 Sep 2016 9:16:28"
362,↓142,Алексей Когай,0.20858,1,"Mon, 19 Sep 2016 13:36:34"
363,↓142,Blackbird,0.20858,5,"Thu, 22 Sep 2016 15:52:37 (-3.1d)"
364,↓142,Earth!,0.20858,2,"Mon, 19 Sep 2016 15:06:32 (-0.1h)"
365,↓142,iinnaa,0.20858,2,"Tue, 20 Sep 2016 0:22:24"
366,↓142,SanjayDeshpande,0.20858,2,"Tue, 20 Sep 2016 9:22:39"
367,↓142,Ji Hou,0.20858,5,"Tue, 20 Sep 2016 21:43:37 (-0.7h)"
368,↓141,ManjunathMC,0.20858,1,"Wed, 21 Sep 2016 17:29:20"
369,↓141,Until NOW,0.20858,2,"Thu, 22 Sep 2016 12:53:04"
370,↓140,Abhinav Sharma,0.20858,2,"Thu, 22 Sep 2016 21:30:04"
371,↓140,Jarvis,0.20858,1,"Thu, 22 Sep 2016 21:46:43"
372,new,SaurabhAgrawal,0.20858,1,"Fri, 23 Sep 2016 18:34:04"
373,new,amit,0.20858,1,"Sun, 25 Sep 2016 15:41:39"
374,new,andymaheshw,0.20858,1,"Sun, 25 Sep 2016 22:59:19"
375,new,Fancy_helloworld,0.20858,2,"Mon, 26 Sep 2016 3:43:01"
376,new,SteMck,0.20858,2,"Mon, 26 Sep 2016 20:38:29"
377,new,ordersky,0.20858,2,"Tue, 27 Sep 2016 8:11:16"
378,new,Lamb,0.20858,2,"Wed, 28 Sep 2016 16:53:44 (-0.1h)"
379,new,rashmirn,0.20858,1,"Thu, 29 Sep 2016 5:19:18"
380,↓148,KotánGergely,0.20856,6,"Fri, 09 Sep 2016 08:48:00 (-7d)"
381,↓147,|:3ミ,0.20833,4,"Thu, 22 Sep 2016 09:33:35 (-43.6h)"
382,new,Hang,0.2081,2,"Tue, 27 Sep 2016 15:11:19"
383,↓147,Geeko,0.20791,1,"Tue, 20 Sep 2016 6:07:53"
384,↓147,Anil Kumar,0.20791,7,"Wed, 21 Sep 2016 5:39:08"
385,↓45,Juan Carlos,0.20768,10,"Fri, 23 Sep 2016 12:56:49"
386,new,Mirage,0.20767,1,"Thu, 29 Sep 2016 12:20:54"
387,↓148,"LancStat 
   
   - Claudio Fronterrè
   - Erick Chacon",0.2075,3,"Mon, 19 Sep 2016 17:00:40"
388,↓148,justForFun,0.20747,7,"Mon, 19 Sep 2016 12:26:06 (-2.1h)"
389,↑14,NagR,0.20744,9,"Mon, 26 Sep 2016 13:10:24 (-19.9h)"
390,↓149,Sugi,0.20735,2,"Tue, 13 Sep 2016 8:35:50"
391,new,Nathaniel Shimoni,0.2072,7,"Wed, 28 Sep 2016 08:36:45 (-3.3h)"
392,↓78,colemaclean,0.20707,30,"Tue, 27 Sep 2016 22:37:08 (-3.5d)"
393,new,Dezso Ribli,0.20703,2,"Tue, 27 Sep 2016 12:06:47 (-0.1h)"
394,↓149,Bikash Agrawal,0.20687,1,"Tue, 13 Sep 2016 1:40:56"
395,↓149,Alexander Senov,0.20687,1,"Thu, 15 Sep 2016 19:17:04"
396,↓148,Bhambhani Mohan,0.20687,1,"Sun, 18 Sep 2016 19:57:54"
397,↓148,Anon,0.20687,1,"Sun, 18 Sep 2016 21:22:21"
398,↓148,Matias Thayer,0.20687,1,"Tue, 20 Sep 2016 2:14:08"
399,↓148,Biju Sasidharan,0.20687,2,"Tue, 20 Sep 2016 7:27:18"
400,↓148,Deval Pandya,0.20687,1,"Wed, 21 Sep 2016 2:05:36"
401,↓148,Ravindra Kumar Yadav,0.20687,2,"Thu, 22 Sep 2016 15:17:16 (-2h)"
402,new,erkut,0.20686,2,"Sat, 24 Sep 2016 0:16:27"
403,new,Gleb Vasiliev,0.20671,1,"Fri, 23 Sep 2016 21:23:22"
404,↓69,Mark Peng,0.20671,11,"Tue, 27 Sep 2016 4:31:00"
405,↑159,Jon,0.20666,12,"Tue, 27 Sep 2016 2:36:35"
406,↓152,sparrow,0.2066,1,"Mon, 19 Sep 2016 5:05:27"
407,↓152,yarenty,0.20652,6,"Tue, 06 Sep 2016 17:54:09 (-27.7h)"
408,↓151,Lior Sayfeld,0.20607,1,"Mon, 19 Sep 2016 12:01:41"
409,new,Sara XY Zeng,0.20587,1,"Wed, 28 Sep 2016 13:13:38"
410,new,R4sn4,0.2057,2,"Sat, 24 Sep 2016 17:31:18"
411,new,ecocarlisle,0.20512,2,"Thu, 29 Sep 2016 03:26:45 (-0h)"
412,↓153,WangshengLiu,0.20507,2,"Mon, 19 Sep 2016 14:10:58"
413,↓152,amezet,0.20457,12,"Wed, 31 Aug 2016 22:23:22"
414,↑28,Yves,0.20442,8,"Sun, 25 Sep 2016 7:35:39"
415,new,Fenix Lin,0.20425,1,"Tue, 27 Sep 2016 9:41:39"
416,↓154,Attila,0.20419,1,"Thu, 22 Sep 2016 21:30:49"
417,↓154,Mujtaba Hasan,0.20419,1,"Thu, 22 Sep 2016 23:01:13"
418,new,Richard Giles,0.20405,2,"Sat, 24 Sep 2016 18:57:43"
419,↓155,blizzard,0.20378,9,"Wed, 07 Sep 2016 8:35:09"
420,↓155,socratic,0.20377,4,"Mon, 26 Sep 2016 22:00:57 (-6.4d)"
421,↓155,vasuren,0.20366,17,"Fri, 23 Sep 2016 08:25:19 (-4.3d)"
422,↓155,KevinL,0.20345,2,"Sun, 18 Sep 2016 23:20:22"
423,new,Miguel,0.20264,1,"Thu, 29 Sep 2016 3:02:24"
424,↓156,pbys,0.20241,1,"Tue, 23 Aug 2016 18:15:54"
425,new,loweew,0.2023,2,"Fri, 23 Sep 2016 14:29:55"
426,↓154,cyberduck,0.20172,23,"Thu, 29 Sep 2016 08:09:07 (-28.7d)"
427,↓153,Tim Kreienkamp,0.20138,4,"Sun, 18 Sep 2016 18:55:32"
428,↓153,Ahmet Özdemir,0.20136,5,"Mon, 05 Sep 2016 22:40:00 (-2.4h)"
429,new,Andrew Gelé,0.20114,3,"Tue, 27 Sep 2016 00:35:23 (-3.3h)"
430,↓154,ByronW,0.20066,7,"Wed, 14 Sep 2016 04:25:39 (-14.3d)"
431,↓154,Xiao-Chuan,0.20051,2,"Mon, 26 Sep 2016 13:09:08 (-3.9d)"
432,↓153,AnmolDarak,0.19944,1,"Fri, 16 Sep 2016 14:15:47"
433,↓153,Nibbor,0.1989,2,"Wed, 24 Aug 2016 17:09:02"
434,↓153,Igor Mikhalev,0.19889,6,"Mon, 19 Sep 2016 21:11:47"
435,new,rlovelett,0.19771,1,"Sat, 24 Sep 2016 18:34:57"
436,new,Mikel Galar,0.19764,10,"Wed, 28 Sep 2016 12:05:02"
437,new,NathanGeorge,0.19694,1,"Wed, 28 Sep 2016 6:00:23"
438,↓156,dalgacik,0.19692,2,"Wed, 24 Aug 2016 3:01:40"
439,↓156,rc95401,0.19677,9,"Sun, 18 Sep 2016 5:38:33"
440,new,Oleg Medvedev,0.19597,1,"Fri, 23 Sep 2016 6:05:05"
441,↓157,kane,0.19543,6,"Wed, 28 Sep 2016 21:34:31 (-14.3d)"
442,new,CharlesP,0.19523,1,"Fri, 23 Sep 2016 19:11:14"
443,↓158,slcott,0.19511,1,"Tue, 20 Sep 2016 22:16:07"
444,↓158,Melinda Smith,0.19454,2,"Sat, 03 Sep 2016 03:53:11 (-1.4h)"
445,↓158,John Savage,0.19413,13,"Fri, 16 Sep 2016 16:41:56 (-15.4d)"
446,new,Tony Schroeder,0.19383,1,"Tue, 27 Sep 2016 5:48:31"
447,↓159,Marina,0.19358,3,"Mon, 19 Sep 2016 01:33:33 (-0.4h)"
448,↓159,Hui,0.19347,1,"Thu, 22 Sep 2016 2:45:49"
449,new,zphang,0.19294,1,"Wed, 28 Sep 2016 1:44:16"
450,↓158,Jerome E.,0.19287,3,"Sat, 17 Sep 2016 12:07:40 (-14.1h)"
451,↓158,Kenji,0.19272,1,"Wed, 21 Sep 2016 15:19:00"
452,↓158,OliverRice,0.19246,1,"Thu, 22 Sep 2016 21:28:02"
453,↓158,marco fabiani,0.1923,22,"Mon, 19 Sep 2016 20:29:55 (-9.5d)"
454,↓157,Anil Narassiguin,0.19213,12,"Tue, 20 Sep 2016 12:50:58 (-19.8d)"
455,new,The Wiz of Oz,0.19212,1,"Fri, 23 Sep 2016 23:45:17"
456,new,Robert,0.19206,5,"Wed, 28 Sep 2016 19:46:36 (-2.8d)"
457,↓159,Naveen Chakravarthy,0.19146,1,"Thu, 22 Sep 2016 11:07:26"
458,↓159,alan215m,0.1913,12,"Sat, 10 Sep 2016 07:38:23 (-45h)"
459,new,GmTo,0.19129,2,"Wed, 28 Sep 2016 5:19:13"
460,new,sean2016,0.19087,2,"Wed, 28 Sep 2016 3:37:37"
461,new,YamilaOmar,0.19076,3,"Thu, 29 Sep 2016 8:27:58"
462,↓143,Karachun Michael,0.19066,16,"Mon, 26 Sep 2016 04:06:02 (-2.5d)"
463,new,"DaMa 
   
   - Maria
   - bariloche",0.19009,16,"Thu, 29 Sep 2016 16:10:28"
464,↑2,ZooeyDeschanel,0.18982,8,"Sun, 25 Sep 2016 08:12:33 (-6.9h)"
465,↓165,kaiwang0112006,0.18952,8,"Thu, 01 Sep 2016 02:57:23 (-2.2h)"
466,new,xiyancn,0.1893,2,"Tue, 27 Sep 2016 9:42:28"
467,↓165,NikolayAntipin,0.18812,4,"Sun, 25 Sep 2016 00:22:34 (-5.1d)"
468,↓165,bigd,0.188,2,"Thu, 18 Aug 2016 0:37:28"
469,↓165,perl,0.18788,7,"Sun, 11 Sep 2016 15:55:31"
470,↓165,Alchemist,0.18763,1,"Tue, 06 Sep 2016 23:23:38"
471,↓164,Nemesis,0.1871,6,"Fri, 16 Sep 2016 9:39:30"
472,↓164,tomek,0.18704,6,"Thu, 01 Sep 2016 20:07:37 (-8.8h)"
473,↓164,Thibault Vatter,0.18618,2,"Thu, 01 Sep 2016 12:23:18"
474,↓164,rka1,0.1855,4,"Mon, 05 Sep 2016 22:29:22 (-14.8d)"
475,new,"Ultron 
   
   - Ankur
   - Nilanjan Chattopadhyay",0.18525,7,"Wed, 28 Sep 2016 7:49:06"
476,↓164,Gerome Pistre,0.18496,12,"Tue, 30 Aug 2016 07:37:24 (-20.8h)"
477,↓164,GuoLi,0.18474,9,"Thu, 22 Sep 2016 05:24:31 (-24.3h)"
478,↓163,bm,0.18329,1,"Fri, 02 Sep 2016 7:03:15"
479,↓163,yvesM,0.18311,1,"Thu, 22 Sep 2016 15:44:32"
480,↓163,申小虎,0.18308,9,"Fri, 23 Sep 2016 06:47:17 (-46.3h)"
481,↑76,barberizzio,0.18154,2,"Tue, 27 Sep 2016 15:09:49"
482,↓93,rahenri,0.18154,20,"Mon, 26 Sep 2016 15:38:14 (-19.8h)"
483,new,Boris Klyus,0.18129,4,"Mon, 26 Sep 2016 06:56:19 (-22.9h)"
484,new,Jonathan Bejarano,0.18113,2,"Wed, 28 Sep 2016 15:50:22 (-0.5h)"
485,↓165,Matthias Granberry,0.17979,10,"Fri, 26 Aug 2016 02:41:55 (-3.8d)"
486,↓164,Kaxil,0.17966,1,"Thu, 22 Sep 2016 9:20:07"
487,↓164,Manuel Díaz,0.17966,5,"Wed, 28 Sep 2016 07:25:07 (-5.9d)"
488,↓162,Michael Pawlus,0.1795,1,"Wed, 21 Sep 2016 20:05:45"
489,↓162,Yair Beer,0.17884,6,"Mon, 29 Aug 2016 12:52:07"
490,new,Praveen Bysani,0.17879,1,"Sun, 25 Sep 2016 13:28:33"
491,new,Igor,0.17819,7,"Thu, 29 Sep 2016 22:01:46 (-4.2d)"
492,↓164,Glimmung,0.17739,5,"Tue, 06 Sep 2016 14:15:04"
493,↓164,donf,0.17727,40,"Wed, 31 Aug 2016 13:34:05"
494,↓164,Дмитрий Мусин,0.17682,8,"Wed, 31 Aug 2016 09:01:52 (-18.3h)"
495,↓164,IdanLiran,0.17644,1,"Wed, 14 Sep 2016 21:31:55"
496,↓164,mips88,0.17602,3,"Mon, 22 Aug 2016 18:55:19"
497,new,"Delta 
   
   - Himanshu Pandey
   - Shubham Sharma",0.17474,7,"Mon, 26 Sep 2016 03:13:33 (-24.6h)"
498,↓164,FilouWS,0.17351,2,"Tue, 30 Aug 2016 13:14:22"
499,↓163,hkReporter,0.17245,2,"Thu, 22 Sep 2016 11:54:45 (-9h)"
500,↓163,JonathanR,0.17241,6,"Fri, 23 Sep 2016 05:54:10 (-28.4d)"
501,↓150,Ruslan Khalikov,0.17081,11,"Thu, 29 Sep 2016 18:57:46 (-1.7h)"
502,↓164,Diogo,0.17074,21,"Sat, 10 Sep 2016 06:04:05 (-3.5d)"
503,new,"Medium Data and Arvination Company 
   
   - NihaoPanda
   - NimishGautam",0.17018,2,"Sun, 25 Sep 2016 13:21:48 (-3.1h)"
504,↓163,BenCopeland,0.16893,3,"Wed, 21 Sep 2016 17:01:02"
505,↓150,slider,0.1689,22,"Sun, 25 Sep 2016 12:08:23 (-22.9h)"
506,↓163,TanHan,0.16843,4,"Fri, 02 Sep 2016 0:49:18"
507,↓163,"U.Stat.CF 
   
   - Kanak Choudhury
   - DanielZhu
   - Taha Mokfi
   - Scott Matton
   - Bill Huang",0.16798,15,"Wed, 21 Sep 2016 22:05:19 (-2.3d)"
508,↓163,ChandraShekar,0.16794,7,"Sun, 18 Sep 2016 11:33:40"
509,new,plopy,0.16672,2,"Thu, 29 Sep 2016 10:50:34"
510,↓164,"dingils 
   
   - eadali
   - Baran BALCI",0.16555,6,"Sun, 18 Sep 2016 10:14:17 (-4.5d)"
511,new,leexa,0.16504,1,"Sun, 25 Sep 2016 10:21:19"
512,↓164,MathiasFelixGruber,0.16319,3,"Sun, 18 Sep 2016 14:05:27 (-3.1d)"
513,new,PeterTillemans,0.16183,2,"Tue, 27 Sep 2016 6:04:23"
514,↓165,Anuj Saxena,0.16107,4,"Wed, 28 Sep 2016 19:00:52 (-6.6d)"
515,↓165,"HCSOB 
   
   - Jesús Virseda Jerez
   - Alberto Rubio
   - Sergio Nuñez",0.16091,9,"Mon, 26 Sep 2016 08:59:15 (-8d)"
516,↓142,rahnamvh,0.16039,13,"Thu, 29 Sep 2016 3:18:25"
517,↓165,JaimeF,0.15917,3,"Sun, 18 Sep 2016 21:23:30 (-7.5d)"
518,↓165,Chris Cross,0.1585,12,"Sat, 03 Sep 2016 00:18:55 (-2.8h)"
519,new,DarmetLudovic,0.15692,1,"Sun, 25 Sep 2016 17:44:53"
520,new,Daia Alexandru,0.15687,6,"Wed, 28 Sep 2016 15:29:47 (-17.6h)"
521,new,"Bootcampers 
   
   - Malian
   - Issam
   - Arnaud Jacques",0.15636,5,"Wed, 28 Sep 2016 10:39:12 (-1.4h)"
522,↓166,MCOC,0.15541,14,"Tue, 27 Sep 2016 02:58:03 (-15.2d)"
523,↓166,Revenge of the Dodo,0.15503,6,"Sun, 28 Aug 2016 14:58:09 (-3.9d)"
524,new,Stefan Huber,0.15471,2,"Thu, 29 Sep 2016 19:51:07 (-0.8h)"
525,↓167,Yogurt,0.15471,1,"Sun, 21 Aug 2016 23:33:43"
526,↓167,zattoo123,0.15313,2,"Sat, 10 Sep 2016 18:27:08"
527,↓166,YichiXu,0.15279,6,"Thu, 15 Sep 2016 17:18:19 (-43.2h)"
528,↓166,LMNU,0.15227,5,"Fri, 09 Sep 2016 17:34:57"
529,↓166,Charles,0.15158,5,"Wed, 21 Sep 2016 13:34:09 (-0.7h)"
530,↓164,"ims 
   
   - kupa
   - ZheCJ",0.14559,6,"Thu, 29 Sep 2016 00:24:54 (-6.2d)"
531,new,fll,0.14551,5,"Thu, 29 Sep 2016 17:58:13 (-21.1h)"
532,↓165,PhxZ,0.14502,2,"Sat, 10 Sep 2016 14:56:52"
533,↓165,fxarte,0.14491,5,"Thu, 08 Sep 2016 2:16:27"
534,new,Sami,0.14444,1,"Thu, 29 Sep 2016 23:03:18"
535,↓166,MateuszBuda,0.14389,11,"Sat, 17 Sep 2016 9:27:54"
536,↓165,John Cusack,0.14329,1,"Thu, 08 Sep 2016 0:44:59"
537,↓165,Alex K,0.14312,1,"Sat, 27 Aug 2016 0:10:57"
538,↓165,Taffey Lewis,0.14312,2,"Thu, 22 Sep 2016 18:51:16"
539,new,farmi,0.14307,3,"Mon, 26 Sep 2016 13:46:25"
540,↓165,mlesna,0.1416,3,"Tue, 27 Sep 2016 18:23:24 (-26.5d)"
541,↓165,Dave Mullen,0.1409,1,"Tue, 20 Sep 2016 10:18:16"
542,new,Tastevin,0.14012,7,"Thu, 29 Sep 2016 15:10:51"
543,↓153,Daggy,0.13833,8,"Wed, 28 Sep 2016 16:55:09"
544,↓166,Mukesh Kumar,0.13825,4,"Mon, 12 Sep 2016 13:37:16 (-0.2h)"
545,↓129,yasser.abbass,0.1377,7,"Sun, 25 Sep 2016 21:38:03 (-47.1h)"
546,new,Bartek Sz.,0.1369,1,"Tue, 27 Sep 2016 21:37:34"
547,↓168,Jüri Kuusik,0.13653,1,"Thu, 08 Sep 2016 17:37:42"
548,↓168,Amin Vakhshouri,0.13475,11,"Sat, 17 Sep 2016 15:50:30 (-14.8d)"
549,↓168,HAL 9000,0.13451,2,"Mon, 05 Sep 2016 23:45:00"
550,↓168,Chuck Bolin,0.13432,16,"Fri, 26 Aug 2016 04:05:07 (-4d)"
551,↓7,Alfonso Fernández,0.13294,2,"Fri, 23 Sep 2016 6:46:14"
552,↓169,fullflu,0.13115,4,"Sun, 04 Sep 2016 7:13:51"
553,new,cptcalamity,0.13076,2,"Sun, 25 Sep 2016 17:09:32"
554,↓170,"Red Bean Bun 
   
   - homeless trash
   - Mr.Loaf",0.13051,3,"Fri, 02 Sep 2016 20:25:46 (-3d)"
555,new,PranavRai,0.1301,9,"Wed, 28 Sep 2016 16:23:36"
556,↓171,DrGilermo,0.13008,1,"Sat, 03 Sep 2016 20:41:03"
557,↓171,Arun,0.1295,1,"Mon, 19 Sep 2016 18:35:59"
558,↓171,Pierre,0.12903,9,"Wed, 21 Sep 2016 16:17:03"
559,new,Amine Benhalloum,0.12902,3,"Fri, 23 Sep 2016 16:39:41 (-4.2h)"
560,↓98,AbhijeetMulgund,0.12763,5,"Mon, 26 Sep 2016 2:31:29"
561,↓173,Nate Holland,0.12753,5,"Fri, 19 Aug 2016 13:02:37 (-10.1h)"
562,↓88,Thejaswi,0.12572,5,"Tue, 27 Sep 2016 14:41:57"
563,↓172,James Rampersad,0.12563,3,"Sun, 18 Sep 2016 16:21:15"
564,↓172,AnnaRedkina,0.1255,4,"Sat, 17 Sep 2016 20:31:01 (-1.3h)"
565,↓172,dhruv,0.12525,13,"Mon, 29 Aug 2016 06:39:30 (-2.7d)"
566,↓172,cornholio1911,0.12396,2,"Tue, 20 Sep 2016 16:16:54"
567,↓172,Fabrizio,0.12368,4,"Tue, 20 Sep 2016 13:47:04 (-0.6h)"
568,↓172,Phillip Gurbacki,0.11877,4,"Thu, 22 Sep 2016 1:11:14"
569,↓172,broccoli7,0.11859,10,"Wed, 14 Sep 2016 17:45:46 (-7.6d)"
570,↓172,AntoinePassemiers,0.11728,5,"Wed, 14 Sep 2016 18:10:14"
571,new,funkwecker,0.11632,1,"Sun, 25 Sep 2016 13:07:18"
572,↓173,VladimirP,0.11614,12,"Fri, 23 Sep 2016 07:13:14 (-26.5h)"
573,↓173,Yu Hai,0.11495,5,"Fri, 02 Sep 2016 16:53:28"
574,new,Arnold Zephir,0.11439,1,"Sun, 25 Sep 2016 19:28:10"
575,new,GregMcMahan,0.11393,1,"Thu, 29 Sep 2016 3:12:54"
576,↓175,"Pineapple-Ham 
   
   - #weakreject
   - #feelthelearn",0.11265,3,"Mon, 05 Sep 2016 7:44:50"
577,↓175,"ThoMas |richard 
   
   - ThoMas
   - richard",0.11197,4,"Wed, 24 Aug 2016 13:21:23"
578,↓174,Aganov,0.10958,1,"Thu, 22 Sep 2016 17:51:02"
579,↓174,zzol,0.10759,5,"Thu, 01 Sep 2016 07:36:05 (-0.6h)"
580,↓174,Brandon Hoeksema,0.10725,11,"Mon, 05 Sep 2016 15:29:03"
581,new,Evelyn Stamey,0.10618,3,"Wed, 28 Sep 2016 23:46:03"
582,↓173,Minh PHAN,0.10131,4,"Sat, 24 Sep 2016 07:49:09 (-7.7d)"
583,new,locks,0.10112,5,"Wed, 28 Sep 2016 6:16:35"
584,↓174,Michel Blaauw,0.10104,1,"Mon, 19 Sep 2016 21:20:27"
585,↓174,Ilya Krasnikov,0.09965,3,"Tue, 20 Sep 2016 08:28:58 (-7.3d)"
586,↓174,"DataGeek_Blr 
   
   - RamaMohanD
   - SubhaGanapathi",0.09702,4,"Thu, 01 Sep 2016 04:25:05 (-6.7d)"
587,↓174,"Sangamesh & Bonan 
   
   - Bonan
   - Sangamesh Ragate",0.09453,3,"Fri, 02 Sep 2016 16:57:40 (-42.8h)"
588,↓174,pwkul,0.09439,2,"Wed, 07 Sep 2016 11:55:02 (-22.9h)"
589,↓174,liveleker,0.09388,2,"Fri, 02 Sep 2016 21:51:17"
590,↓173,SimonPreis,0.09278,2,"Tue, 23 Aug 2016 10:40:10"
591,↓173,slideroolz,0.08801,10,"Wed, 21 Sep 2016 01:52:54 (-0.1h)"
592,↓173,Sairaam Varadarajan,0.08723,9,"Fri, 23 Sep 2016 03:00:04 (-21.3d)"
593,↓173,Michael Weingartner,0.08534,6,"Sat, 17 Sep 2016 05:57:52 (-9.4d)"
594,new,JasonVon,0.08308,5,"Thu, 29 Sep 2016 04:34:21 (-2.2d)"
595,↓174,sharat,0.0829,1,"Tue, 06 Sep 2016 5:52:10"
596,↓174,chobs,0.08266,1,"Wed, 14 Sep 2016 6:03:57"
597,↓174,Pietro Marini,0.08188,1,"Tue, 06 Sep 2016 20:41:31"
598,↓174,Brandon Lin,0.08113,4,"Wed, 21 Sep 2016 8:07:11"
599,↓174,Jochen Voss,0.07976,3,"Sat, 03 Sep 2016 21:51:42"
600,↓174,Marc-Emmanuel Coupvent des Graviers,0.07771,1,"Sun, 28 Aug 2016 18:27:13"
601,↓174,Eric Leung,0.07498,11,"Fri, 23 Sep 2016 17:25:28 (-17.4h)"
602,↓173,SCS BullDogs,0.07295,2,"Mon, 05 Sep 2016 9:26:23"
603,↓173,SM,0.07215,7,"Mon, 22 Aug 2016 16:53:44 (-0h)"
604,new,Khanh,0.07019,5,"Thu, 29 Sep 2016 09:27:36 (-2.2h)"
605,↓166,cssg,0.06384,10,"Thu, 29 Sep 2016 19:49:55 (-3.9h)"
606,↓175,SniperRampage,0.06371,3,"Sun, 04 Sep 2016 04:42:13 (-25.6h)"
607,↓175,cadalma,0.06101,1,"Thu, 22 Sep 2016 13:45:27"
608,↓175,matzeball,0.05597,1,"Thu, 01 Sep 2016 12:03:24"
609,↓175,Mandelbrot,0.05476,13,"Mon, 29 Aug 2016 22:03:40 (-2.8d)"
610,↓175,mhv2109,0.05445,2,"Fri, 26 Aug 2016 14:51:13 (-13.8h)"
611,↓174,DaveZahedi,0.05421,22,"Thu, 29 Sep 2016 13:52:53 (-22.3h)"
612,new,benoitherin,0.05371,3,"Thu, 29 Sep 2016 10:54:34"
613,new,Samuel Thomas,0.05327,1,"Wed, 28 Sep 2016 14:53:52"
614,↓178,canol,0.05211,2,"Thu, 15 Sep 2016 12:58:22 (-19.9d)"
615,↓47,Oleksandr Gromenko,0.0495,3,"Tue, 27 Sep 2016 1:37:30"
616,↓178,楊承翰ju,0.04902,1,"Thu, 15 Sep 2016 7:43:53"
617,↓177,DtScientist,0.04782,1,"Mon, 12 Sep 2016 4:11:39"
618,new,khanhnguyen,0.04741,1,"Thu, 29 Sep 2016 13:02:26"
619,↓178,MarkGebhard,0.04623,1,"Sun, 28 Aug 2016 21:54:28"
620,new,"KGGLRS 
   
   - Najib
   - Kieran Roberts
   - patternproject
   - masoudkaviani",0.04565,1,"Sun, 25 Sep 2016 21:04:24"
621,↓52,Ask for an SSB,0.04055,35,"Thu, 29 Sep 2016 23:03:22 (-3d)"
622,↓179,Vladimir Milushev,0.0363,5,"Thu, 22 Sep 2016 13:13:27 (-22.1h)"
623,↓179,Hiraku,0.0347,1,"Sun, 21 Aug 2016 15:36:15"
624,new,Oleg,0.03179,2,"Tue, 27 Sep 2016 20:04:57 (-2.1d)"
625,new,Róbert Pálovics,0.0308,1,"Wed, 28 Sep 2016 12:30:34"
626,↓181,Alexia,0.03015,2,"Wed, 07 Sep 2016 21:12:34"
627,new,brrrr...,0.02987,5,"Wed, 28 Sep 2016 6:42:17"
628,↓182,"KaggleTiger 
   
   - Isaac
   - gongzhitaao",0.02901,1,"Fri, 09 Sep 2016 19:27:29"
629,↓182,HarshPatni,0.02898,3,"Wed, 14 Sep 2016 13:33:36 (-1.1h)"
630,↓182,YigitOktar,0.02788,3,"Tue, 30 Aug 2016 21:19:12 (-8.1h)"
631,↓182,abertrand,0.02746,3,"Thu, 01 Sep 2016 16:59:21 (-1.5h)"
632,↓182,Ian Lin,0.02583,1,"Sun, 28 Aug 2016 12:42:06"
633,↓182,"Data Dream 
   
   - Mateusz Jerzyk
   - Krzysztof Antończak",0.02414,8,"Sat, 24 Sep 2016 23:00:40 (-3d)"
634,↓182,Victor Matvienko,0.02354,2,"Sun, 04 Sep 2016 23:20:16"
635,↓182,JRodaS,0.02346,2,"Mon, 19 Sep 2016 19:16:58"
636,new,JianbinHong,0.02309,1,"Fri, 23 Sep 2016 8:49:24"
637,new,Andreas,0.02239,1,"Thu, 29 Sep 2016 22:49:26"
638,↓184,soondaah0,0.02231,1,"Fri, 09 Sep 2016 17:07:49"
639,↓184,Tanoshii Jinsei,0.02052,2,"Fri, 26 Aug 2016 4:34:27"
640,new,guyko,0.01865,2,"Sun, 25 Sep 2016 22:24:30 (-0.2h)"
641,new,Riccardo,0.01673,1,"Sun, 25 Sep 2016 21:00:44"
642,↓186,StoZ,0.01666,1,"Tue, 30 Aug 2016 0:20:59"
643,↓186,Tux the Penguin,0.01612,2,"Fri, 02 Sep 2016 05:23:09 (-5d)"
644,↓186,Aditya Gore,0.01572,1,"Fri, 16 Sep 2016 21:56:32"
645,↓186,IkjyotSinghKohli,0.01489,1,"Thu, 08 Sep 2016 23:34:31"
646,↓186,Markus Neusinger,0.01454,1,"Sun, 04 Sep 2016 14:45:40"
647,↓186,Itzik Maoz 2,0.01444,3,"Thu, 22 Sep 2016 01:13:14 (-0.2h)"
648,↓185,all_random,0.0135,7,"Fri, 26 Aug 2016 14:28:59"
649,↓185,gchahine86,0.01219,1,"Mon, 05 Sep 2016 18:38:46"
650,↓185,Foremoxa,0.01064,1,"Tue, 30 Aug 2016 15:25:45"
651,↓184,Mücahit Büyükyılmaz,0.0096,4,"Tue, 20 Sep 2016 21:41:37 (-22.2h)"
652,↓184,Thomas Jungblut,0.00786,2,"Sat, 10 Sep 2016 12:24:00 (-0.1h)"
653,↓184,synapticsugar,0.00781,3,"Tue, 13 Sep 2016 18:03:32 (-7.1d)"
654,↓184,Gerard Toonstra,0.0071,5,"Sun, 11 Sep 2016 19:56:03 (-1.9h)"
655,new,"CodeEscape 
   
   - mjayson
   - DongWooLee
   - Kyungyong Lee
   - eunheon",0.0068,3,"Thu, 29 Sep 2016 17:10:49"
656,↓185,Adolfo Yanes,0.00582,2,"Thu, 22 Sep 2016 2:44:31"
657,↓185,SteffenSchmitz,0.00499,3,"Sat, 03 Sep 2016 14:52:33"
658,↓185,Tenniel Miao,0.0047,8,"Thu, 01 Sep 2016 01:13:10 (-0.1h)"
659,new,Black Swan,0.00453,6,"Fri, 30 Sep 2016 00:53:53 (-4.1d)"
660,↓185,heaven,0.00417,1,"Sun, 28 Aug 2016 13:08:55"
661,↓185,KostyaBahshetsyan,0.00395,1,"Mon, 19 Sep 2016 16:39:02"
662,↓185,"TeamWithSuchNameAlreadyExists 
   
   - Fanis Kalimullin
   - Aleksandr Ermakov",0.00302,3,"Wed, 07 Sep 2016 13:54:35"
663,↓185,"Professor Han students 
   
   - wangkp
   - AllenJiang",0.00265,5,"Fri, 26 Aug 2016 20:23:51 (-0h)"
664,↓185,Sonny Laskar,0.00255,1,"Thu, 15 Sep 2016 6:28:18"
665,new,gabi,0.00254,5,"Tue, 27 Sep 2016 22:22:24 (-0.1h)"
666,↓186,shiki,0.00244,2,"Mon, 05 Sep 2016 2:14:34"
667,new,Prakash,0.00229,2,"Thu, 29 Sep 2016 16:14:36"
668,↓187,nukappa,0.00199,2,"Wed, 21 Sep 2016 15:15:40 (-8.8h)"
669,↓187,SSanchez,0.00194,2,"Sun, 28 Aug 2016 15:39:32"
670,↓187,Paritosh Gupta,0.00192,2,"Thu, 08 Sep 2016 15:52:26 (-0.1h)"
671,new,Alec Karfonta,0.00185,2,"Mon, 26 Sep 2016 1:20:48"
672,↓187,Luiz Moreira,0.00182,4,"Mon, 05 Sep 2016 17:07:26 (-0.3h)"
673,↓187,XYZT,0.00172,1,"Fri, 19 Aug 2016 4:29:39"
674,↓172,Moreta,0.00166,3,"Tue, 27 Sep 2016 0:20:31"
675,↓188,Allen Qin,0.00154,1,"Thu, 01 Sep 2016 21:06:31"
676,↓188,MLS7,0.00147,2,"Wed, 14 Sep 2016 9:35:20"
677,↓188,Balaram Panda,0.00139,9,"Thu, 08 Sep 2016 06:57:29 (-17.4h)"
678,new,TeamK,0.00139,1,"Tue, 27 Sep 2016 4:33:47"
679,↓189,Twill,0.00138,4,"Thu, 29 Sep 2016 06:25:55 (-6.3d)"
680,↓189,EndInTears,0.00122,1,"Sun, 28 Aug 2016 11:58:42"
681,↓189,Spike,0.00122,2,"Sat, 03 Sep 2016 17:46:39 (-0.5h)"
682,↓189,GiantQ,0.0012,1,"Thu, 01 Sep 2016 8:58:24"
683,↓189,"LearningMachine 
   
   - helias_an
   - LigayVladislav",0.0012,1,"Thu, 08 Sep 2016 18:27:13"
684,↓189,Harizo R.,0.0011,1,"Thu, 25 Aug 2016 8:13:21"
685,↓189,Story Teller,0.00099,3,"Tue, 06 Sep 2016 11:10:47 (-7.7h)"
686,↓188,radnado,0.00081,2,"Wed, 21 Sep 2016 7:03:43"
687,↓188,quantum,0.00078,1,"Sat, 17 Sep 2016 18:07:24"
688,↓187,Vijay Dwivedi,0.00054,1,"Sun, 04 Sep 2016 18:02:30"
689,↓186,Zoran Cupic,0.00037,2,"Mon, 12 Sep 2016 14:53:57"
690,↓186,fishface,0.00018,4,"Wed, 21 Sep 2016 18:01:35"
,,"*All Zeros Benchmark* 
All Zeros Benchmark",0,,
691,↓186,Andrey Vykhodtsev,0,1,"Wed, 17 Aug 2016 14:08:57"
692,↓186,Nilabha Bhattacharya,0,1,"Wed, 17 Aug 2016 16:28:17 (-0.1h)"
693,↓186,Anna Sinilo,0,3,"Wed, 17 Aug 2016 17:53:25 (-0.6h)"
694,↓186,DeepMan,0,1,"Wed, 17 Aug 2016 18:53:18"
695,↓186,borschi,0,1,"Wed, 17 Aug 2016 21:41:57"
696,↓185,Paul H,0,1,"Thu, 18 Aug 2016 2:06:38"
697,↓185,Soumojit Kumar,0,1,"Thu, 18 Aug 2016 5:42:38"
698,↓185,Vikram Jha,0,1,"Thu, 18 Aug 2016 9:18:13"
699,↓185,Ildi Madák,0,1,"Thu, 18 Aug 2016 10:22:10"
700,↓185,SeaBreeze,0,1,"Fri, 19 Aug 2016 1:00:01"
701,↓185,juandoso,0,1,"Fri, 19 Aug 2016 16:22:35"
702,↓185,Vadim,0,1,"Sat, 20 Aug 2016 8:11:38"
703,↓185,Telcontar120,0,1,"Sat, 20 Aug 2016 14:33:48"
704,↓185,:-),0,1,"Mon, 22 Aug 2016 5:48:40"
705,↓185,daten-kieker,0,1,"Mon, 22 Aug 2016 18:17:45"
706,↓185,Dan L,0,1,"Mon, 22 Aug 2016 20:13:23"
707,↓185,Patrick Guzman,0,1,"Tue, 23 Aug 2016 6:04:44"
708,↓185,zhengzhou,0,1,"Tue, 23 Aug 2016 17:07:09"
709,↓185,GrandPapa,0,1,"Wed, 24 Aug 2016 2:15:52"
710,↓185,Shayne Kang,0,1,"Wed, 24 Aug 2016 5:58:06"
711,↓185,Naveen Sundaresan,0,1,"Wed, 24 Aug 2016 6:31:08"
712,↓185,Limfocita,0,1,"Thu, 25 Aug 2016 8:45:07"
713,↓185,noraked,0,2,"Fri, 26 Aug 2016 09:55:41 (-0.1h)"
714,↓185,devmeow,0,1,"Sat, 27 Aug 2016 10:16:26"
715,↓185,saadali,0,2,"Mon, 29 Aug 2016 02:58:45 (-0.7h)"
716,↓185,Savioz,0,1,"Mon, 29 Aug 2016 13:30:53"
717,↓185,KirillLisenkov,0,1,"Tue, 30 Aug 2016 5:36:51"
718,↓185,gubobo,0,1,"Tue, 30 Aug 2016 11:38:52"
719,↓185,Anjana Agrawal,0,1,"Thu, 01 Sep 2016 5:39:04"
720,↓185,Sivapriya Kaza,0,1,"Fri, 02 Sep 2016 0:24:16"
721,↓185,Robin East,0,1,"Fri, 02 Sep 2016 19:27:02"
722,↓185,Max S.,0,1,"Fri, 02 Sep 2016 21:25:56"
723,↓185,Alexander Vovchenko,0,3,"Sat, 03 Sep 2016 19:06:56 (-0.6h)"
724,↓185,Khoa Dinh,0,1,"Sun, 04 Sep 2016 6:29:10"
725,↓185,Jorge Manrique,0,2,"Sun, 04 Sep 2016 22:22:30"
726,↓185,w,0,1,"Wed, 07 Sep 2016 6:14:24"
727,↓185,bushang,0,1,"Wed, 07 Sep 2016 8:40:33"
728,↓185,Valentyn Danylchuk,0,1,"Wed, 07 Sep 2016 13:44:37"
729,↓184,Nathan Walter,0,1,"Thu, 08 Sep 2016 18:17:24"
730,↓184,ZakeryAlexanderFyke,0,1,"Thu, 08 Sep 2016 20:08:02"
731,↓184,pi14,0,2,"Fri, 09 Sep 2016 07:11:10 (-0.1h)"
732,↓183,LIN China,0,1,"Sat, 10 Sep 2016 2:49:07"
733,↓183,CogInTheMachine,0,1,"Sat, 10 Sep 2016 7:33:42"
734,↓183,mechone,0,1,"Sat, 10 Sep 2016 12:32:34"
735,↓183,TeamBosch,0,4,"Wed, 14 Sep 2016 05:56:05 (-3d)"
736,↓183,Abhishek Simhadri,0,1,"Sun, 11 Sep 2016 6:57:37"
737,↓183,naveen tewari,0,1,"Mon, 12 Sep 2016 8:16:58"
738,↓183,chok68,0,1,"Mon, 12 Sep 2016 10:06:00"
739,↓183,gleery Lee,0,1,"Tue, 13 Sep 2016 3:08:07"
740,↓181,Apoorva,0,1,"Thu, 15 Sep 2016 15:56:01 (-0h)"
741,↓181,wally,0,1,"Fri, 16 Sep 2016 15:48:46"
742,↓181,Adalbert,0,1,"Fri, 16 Sep 2016 17:19:16"
743,↓181,Owen Corrigan,0,1,"Sat, 17 Sep 2016 23:23:01"
744,↓181,MehrshadShams,0,2,"Sun, 18 Sep 2016 15:10:56 (-15.2h)"
745,↓180,"Cho Dong Heon 
   
   - Cho Dong Heon
   - BDChung",0,1,"Sun, 18 Sep 2016 15:06:22"
746,↓180,Serge Krier,0,1,"Sun, 18 Sep 2016 21:41:41"
747,↓180,Ed Chow,0,4,"Mon, 19 Sep 2016 01:09:57 (-0.2h)"
748,↓177,Soumitra Agarwal,0,1,"Tue, 20 Sep 2016 23:21:34"
749,↓177,Speedingdata,0,1,"Wed, 21 Sep 2016 20:58:42"
750,↓177,Sergey Kuznetsov,0,1,"Wed, 21 Sep 2016 21:44:16"
751,↓177,waskita adijarto,0,3,"Thu, 22 Sep 2016 0:33:51"
752,↓177,KJLee,0,1,"Thu, 22 Sep 2016 2:25:45"
753,↓177,zpanj,0,2,"Thu, 22 Sep 2016 4:45:06"
754,↓177,Jeremy,0,6,"Mon, 26 Sep 2016 17:32:35 (-4.5d)"
755,↓177,Domaaa,0,1,"Thu, 22 Sep 2016 13:13:20"
756,↓177,dbftdiyoeywga,0,1,"Thu, 22 Sep 2016 17:47:39"
757,↓177,"WeBeGeeks 
   
   - IamGeek
   - nminus1",0,1,"Thu, 22 Sep 2016 20:24:10"
758,↓177,Hadi,0,1,"Thu, 22 Sep 2016 20:39:42"
759,new,Brian HC Lee,0,1,"Sat, 24 Sep 2016 04:49:46 (-0.1h)"
760,new,TuTuTu,0,1,"Sat, 24 Sep 2016 5:37:42"
761,new,Piotr Golach,0,1,"Sat, 24 Sep 2016 11:29:27"
762,new,Francis Chen,0,3,"Sun, 25 Sep 2016 06:06:28 (-0.2h)"
763,new,syllogismos,0,3,"Mon, 26 Sep 2016 04:34:49 (-0.3h)"
764,new,Denis,0,1,"Mon, 26 Sep 2016 19:43:41"
765,new,ManishYadav,0,1,"Tue, 27 Sep 2016 3:51:52"
766,new,mochenthe,0,1,"Tue, 27 Sep 2016 16:13:56"
767,new,Ben Hamner,0,1,"Tue, 27 Sep 2016 22:19:12"
768,new,temld4,0,1,"Wed, 28 Sep 2016 21:52:00"
769,new,Thinkle,0,1,"Thu, 29 Sep 2016 12:36:49"
770,new,leonardoc,0,1,"Thu, 29 Sep 2016 23:30:11"
771,new,"Penn State Statistics Kaggle 
   
   - Alex Zhao
   - JordanAlexander",0,1,"Fri, 30 Sep 2016 1:27:17"
772,↓190,yanchen036,-0.00029,3,"Wed, 07 Sep 2016 4:46:14"
773,↓190,Narasimharao,-0.00044,1,"Wed, 21 Sep 2016 5:03:26"
774,new,kaggle7,-0.00044,1,"Sat, 24 Sep 2016 10:06:35"
775,↓191,SPQR,-0.00101,1,"Tue, 20 Sep 2016 00:22:08 (-2.9d)"
776,new,Masato Takahashi,-0.00106,1,"Sat, 24 Sep 2016 17:16:12"
777,↓191,Ending,-0.00159,1,"Wed, 07 Sep 2016 19:07:10"
778,↓191,Pinletrot,-0.00169,1,"Sun, 28 Aug 2016 22:09:58"
779,new,kq617,-0.00205,1,"Tue, 27 Sep 2016 00:06:03 (-0.1h)"
780,↓192,ish.vlad,-0.00245,1,"Fri, 02 Sep 2016 13:42:45"
781,new,1000010,-0.00311,2,"Wed, 28 Sep 2016 20:11:25 (-0.2h)"